{"train/loss": 0.736, "train/learning_rate": 1.3735658914728682e-05, "train/epoch": 0.03, "train/global_step": 30, "_timestamp": 1701304006.889726, "_runtime": 9082.224472999573, "_step": 6, "eval/loss": 0.7441281676292419, "eval/accuracy": 0.49720806020878855, "eval/runtime": 6078.9539, "eval/samples_per_second": 0.678, "eval/steps_per_second": 0.085}