{"train/loss": 1.0553, "train/learning_rate": 9.980434110374724e-07, "train/epoch": 0.04, "train/global_step": 17, "_timestamp": 1701939201.9344819, "_runtime": 392.1223759651184, "_step": 16, "_wandb": {"runtime": 400}}