{"train/loss": 0.7773, "train/learning_rate": 4.99469162092292e-06, "train/epoch": 0.04, "train/global_step": 10, "_timestamp": 1702020984.827885, "_runtime": 175.53403091430664, "_step": 9}