{"train/loss": 1.686, "train/learning_rate": 8.904629395395903e-07, "train/epoch": 0.18, "train/global_step": 22, "_timestamp": 1702249432.0858889, "_runtime": 1284.428974866867, "_step": 21}