{"train/loss": 0.8547, "train/learning_rate": 9.230769230769232e-06, "train/epoch": 0.19, "train/global_step": 3, "_timestamp": 1702030129.917024, "_runtime": 434.425146818161, "_step": 2}