{"train/loss": 0.8893, "train/learning_rate": 9.960758148005321e-07, "train/epoch": 0.05, "train/global_step": 22, "_timestamp": 1701938702.5338352, "_runtime": 533.4588782787323, "_step": 21, "_wandb": {"runtime": 542}}