{"train/loss": 0.8311, "train/learning_rate": 4.938021755628637e-06, "train/epoch": 0.99, "train/global_step": 61, "_timestamp": 1702077515.9495194, "_runtime": 2196.006857395172, "_step": 61, "train/train_runtime": 2197.5372, "train/train_samples_per_second": 7.17, "train/train_steps_per_second": 0.028, "train/total_flos": 0.0, "train/train_loss": 0.848146559762173, "_wandb": {"runtime": 2195}}