{"train/loss": 0.8125, "train/learning_rate": 4.75e-06, "train/epoch": 0.08, "train/global_step": 19, "_timestamp": 1702022124.3424318, "_runtime": 311.1248826980591, "_step": 18}