{"train/loss": 0.8664, "train/learning_rate": 3.7500000000000005e-06, "train/epoch": 0.97, "train/global_step": 15, "_timestamp": 1702024525.5481436, "_runtime": 2160.128978729248, "_step": 15, "train/train_runtime": 2166.0543, "train/train_samples_per_second": 7.274, "train/train_steps_per_second": 0.007, "train/total_flos": 0.0, "train/train_loss": 0.8549211661020915, "_wandb": {"runtime": 2159}}