{"train/loss": 0.8651, "train/learning_rate": 4.857070579306856e-06, "train/epoch": 0.97, "train/global_step": 15, "_timestamp": 1702073037.8825414, "_runtime": 2177.2803435325623, "_step": 15, "train/train_runtime": 2181.8942, "train/train_samples_per_second": 7.221, "train/train_steps_per_second": 0.007, "train/total_flos": 0.0, "train/train_loss": 0.8544849952061971, "_wandb": {"runtime": 2176}}