{"train/loss": 0.8285, "train/learning_rate": 3.833383940080232e-08, "train/epoch": 1.0, "train/global_step": 220, "_timestamp": 1701840636.4462335, "_runtime": 3158.8197844028473, "_step": 13, "train/train_runtime": 3160.6405, "train/train_samples_per_second": 4.454, "train/train_steps_per_second": 0.07, "train/total_flos": 0.0, "train/train_loss": 0.8583005861802535, "_wandb": {"runtime": 3158}}