{"train/loss": 0.9124, "train/learning_rate": 7.666767880160464e-08, "train/epoch": 1.0, "train/global_step": 220, "_timestamp": 1701833836.1197524, "_runtime": 484.7333354949951, "_step": 13, "train/train_runtime": 485.8118, "train/train_samples_per_second": 28.976, "train/train_steps_per_second": 0.453, "train/total_flos": 0.0, "train/train_loss": 0.9685770771720192, "_wandb": {"runtime": 484}}