{"train/loss": 1.0726, "train/learning_rate": 4.8e-07, "train/epoch": 0.06, "train/global_step": 24, "_timestamp": 1701939901.583789, "_runtime": 569.2351520061493, "_step": 23, "_wandb": {"runtime": 585}}